{
  "coupons": [
    {
      "code": "PGNEW",
      "gift": {
        "text": "2kg Sugar - PGNEW",
        "image": "",
        "appLink": "https://play.google.com/store/apps/details?id=com.profitgrocery.app"
      }
    }
  ],
  "deals": [
    {
      "title": "PGNEW - 2kg Sugar",
      "desc": "Valid for 6 days. Limited stock.",
      "appLink": "https://play.google.com/store/apps/details?id=com.profitgrocery.app"
    },
    {
      "title": "Black Premium Tea",
      "desc": "Premium quality \u2014 special price.",
      "appLink": "https://play.google.com/store/apps/details?id=com.profitgrocery.app"
    }
  ],
  "redemptions": []
}